[ 
  
  {
    "no": 1,
    "brand": "HP",
    "name": "ZBook",
    "type": "Quadro® P1000",
    "price": 2008.0,
    "description": "U krijgt de perfecte combinatie van een ultradun ontwerp en pro-grade prestaties in de nieuwe HP Zbook Studio.",
    "screensize": 15.6,
    "processor": "Intel Core I7-8750H",
    "gpu": "NVIDIA® Quadro® P1000 ",
    "ram": 8,
    "hd": 1256, 
    "cores":8 ,
    "os": "Windows10",
    "kg": 1.5, 
    "toetsenbord": "QWERTY" 
    
  },
  {
    "no": 2,
    "brand": "HP",
    "name": "HP ZBook",
    "type": "17 G5",
    "price": 4229.0,
    "description": "Ons vlaggenschip ZBook is de laptop bij uitstek voor mensen die  onderweg zijn.",
    "screensize": 17,
    "processor": "Intel® Xeon® E-2186M vPro™-processor",
    "gpu": "Intel UHD Graphics",
    "ram": 32,
    "hd": 1000, 
    "cores":6 ,
    "os": "Windows10",
    "kg": 1.5, 
    "toetsenbord": "QWERTY"
    
    
  },
  {
    "no": 3,
    "brand": "HP",
    "name": "HP Notebook",
    "type": "`15-db1000nd",
    "price": 399.00,
    "description": "Deze stijlvol ontworpen HP laptop is ontworpen om langdurig te presteren.",
    "screensize": 17,
    "processor": "AMD Ryzen™ 3 3200U processor (2 cores)",
    "gpu": "AMD Radeon™ Vega 3",
    "ram": 4,
    "hd": 1000,
    "cores":4 ,
    "os": "Windows10",
    "kg": 2.0, 
    "toetsenbord": "QWERTY" 
    
  },
    {
      "no": 4,
      "brand": "Lenovo",
      "name": "Yoga",
      "type": "530-14IKB 81EK00HWMH",
      "price": 749.00,
      "description": "Klap het 14 inch scherm 360 graden om en maak tekeningen en schets alsof je op papier werkt.",
      "screensize": 14,
      "processor": "Intel Core i5",
      "gpu": "Intel UHD Graphics 620",
      "ram": 8,
      "hd": 1000,
      "cores":4 ,
      "os": "Windows10",
      "kg": 2.5, 
      "toetsenbord": "QWERTY"  
      
    },
    {
      "no": 5,
      "brand": "Asus",
      "name": "N56",
      "type": "VJ-S4006H",
      "price": 849.00,
      "description": "De Asus N56VJ-S4006H is een 15.6 inch laptop gebaseerd op een Intel Core i5 3230M processor.",
      "screensize": 15.6,
      "processor": "Intel Core i5",
      "gpu": "GeForce GT635M",
      "ram": 8,
      "hd": 500,
      "cores":6 ,
      "os": "Windows10",
      "kg": 1.5, 
      "toetsenbord": "QWERTY" 
      
    },
    {
      "no": 6,
      "brand": "Asus",
      "name": "VivoBook Pro",
      "type": "N705FD-GC005T",
      "price": 1259.00,
      "description": "De Asus VivoBook Pro 17 N705FD-GC005T is een 17,3 inch laptop waarop je games als Fortnite zonder problemen speelt.",
      "screensize": 17.3,
      "processor": "Intel Core i7",
      "gpu": "GeForce GTX 1050",
      "ram": 8,
      "hd": 1256,
      "cores":6 ,
      "os": "Windows10",
      "kg": 1.5, 
      "toetsenbord": "QWERTY" 
      
    },
    {
      "no": 7,
      "brand": "HP",
      "name": "Spectre x360",
      "type": "13-ap0450nd",
      "price": 1589.00,
      "description": "Dankzij de lange acculevensduur in deze quad-core convertible houd je meer tijd over.",
      "screensize": 13,
      "processor": "Intel Core i7",
      "gpu": "Intel UHD Graphics 620",
      "ram": 16,
      "hd": 1000,
      "cores":6 ,
      "os": "Windows10",
      "kg": 1.5, 
      "toetsenbord": "QWERTY"  
      
    }
]