[
	{
		"name": "Rine le Comte",
		"email": "rlcomte@che.nl",
		"address": "Comtelaan 1, 3927GK Renswoude",
		"phone": "0303 12133977 "
	},
	{
		"name": "John Doe",
		"email": "johndoe@acme.com",
		"address": "277 Main Street Sacramento, CA 94273",
		"phone": "1 887-889-888"
	},
	{
		"name": "Gerrit Vogelzang",
		"email": "gvogelzang@che.nl",
		"address": "Horstweg 1",
		"phone": "038 5438719"
	},
	{
		"name": "Bob Mulder",
		"email": "bfmulder@che.nl",
		"address": "Kalverstraat 10b, 1234 BA Rutten",
		"phone": "06 40100038"
	},
	{
		"name": "Lenard",
		"email": "LenardvWinssen@hotmail.com",
		"address": "Ooster Mheenweg, 17",
		"phone": "0681279037"
	},
	{
		"name": "Lenard",
		"email": "lenardvwinssen@hotmail.com",
		"address": "Ooster Mheenweg, 17",
		"phone": "0681279037"
	},
	{
		"name": "Lenard",
		"email": "Lenardvw@hotmail.com",
		"address": "Ooster Mheenweg, 17",
		"phone": "0681279037"
	},
	{
		"name": "hanno",
		"email": "hanno@hotmail.nl",
		"address": "annavblaan",
		"phone": "06292828282"
	}
]