[
	{
		"laptopnummer": 1,
		"reviewnummer": 1,
		"naam": "Bartek",
		"score": 1,
		"toelichting": "Een hele goeie laptop",
		"auteur": "polska@hotmail.com"
        
      
	},
	
	{
		"laptopnummer": 1,
		"reviewnummer": 2,
		"naam": "Barrtek",
		"score": 6,
		"toelichting": "Een hele goeie1 laptop",
		"auteur": "polska1@hotmail.com"
        
      
	},
	{
		"laptopnummer": 2,
		"reviewnummer": 3,
		"naam": "Bartek",
		"score": 1,
		"toelichting": "Een hele goeie laptop",
		"auteur": "polska2@hotmail.com"
        
      
	},
	
	{
		"laptopnummer": 2,
		"reviewnummer": 4,
		"naam": "Barrtek",
		"score": 6,
		"toelichting": "Een hele goeie1 laptop",
		"auteur": "polska22@hotmail.com"
        
      
	},
	{
		"laptopnummer": 3,
		"reviewnummer": 5,
		"naam": "Bartek",
		"score": 1,
		"toelichting": "Een hele goeie laptop",
		"auteur": "polska3@hotmail.com"
        
      
	},
	
	{
		"laptopnummer": 3,
		"reviewnummer": 6,
		"naam": "Barrtek",
		"score": 6,
		"toelichting": "Een hele goeie1 laptop",
		"auteur": "polska33@hotmail.com"
        
      
	},
	{
		"laptopnummer": 4,
		"reviewnummer": 7,
		"naam": "Bartek",
		"score": 1,
		"toelichting": "Een hele goeie laptop",
		"auteur": "polska4@hotmail.com"
        
      
	},
	
	{
		"laptopnummer": 4,
		"reviewnummer": 8,
		"naam": "Barrtek",
		"score": 6,
		"toelichting": "Een hele goeie1 laptop",
		"auteur": "polska44@hotmail.com"
        
      
	},
	{
		"laptopnummer": 5,
		"reviewnummer": 9,
		"naam": "Bartek",
		"score": 1,
		"toelichting": "Een hele goeie laptop",
		"auteur": "polska5@hotmail.com"
        
      
	},
	
	{
		"laptopnummer": 5,
		"reviewnummer": 10,
		"naam": "Barrtek",
		"score": 6,
		"toelichting": "Een hele goeie1 laptop",
		"auteur": "polska55@hotmail.com"
        
      
	},
	{
		"laptopnummer": 6,
		"reviewnummer": 11,
		"naam": "Bartek",
		"score": 1,
		"toelichting": "Een hele goeie laptop",
		"auteur": "polska6@hotmail.com"
        
      
	},
	
	{
		"laptopnummer": 6,
		"reviewnummer": 12,
		"naam": "Barrtek",
		"score": 6,
		"toelichting": "Een hele goeie1 laptop",
		"auteur": "polska66@hotmail.com"
        
      
	},
	{
		"laptopnummer": 7,
		"reviewnummer": 13,
		"naam": "Bartek",
		"score": 1,
		"toelichting": "Een hele goeie laptop",
		"auteur": "polska7@hotmail.com"
        
      
	},
	
	{
		"laptopnummer": 7,
		"reviewnummer": 14,
		"naam": "Barrtek",
		"score": 6,
		"toelichting": "Een hele goeie1 laptop",
		"auteur": "polska77@hotmail.com"
        
      
	},
	{
		"laptopnummer": 7,
		"reviewnummer": 14,
		"naam": "Barrtek",
		"score": 6,
		"toelichting": "Een hele goeie1 laptop",
		"auteur": "polska77@hotmail.com"
        
      
    }
]