[
	{
		"no": 1,
		"email": "rlcomte@che.nl",
		"date": "2019-07-19T12:25:10.8584224+02:00",
		"lines": [
			{
				"laptopno": 1,
				"quantity": 0
			},
			{
				"laptopno": 2,
				"quantity": 0
			}
		],
		"total": 2447
	},
	{
		"no": 2,
		"email": "bfmulder@che.nl",
		"date": "2019-08-30T12:27:11.3009514+02:00",
		"lines": [
			{
				"laptopno": 2,
				"quantity": 0
			},
			{
				"laptopno": 3,
				"quantity": 0
			}
		],
		"total": 5065
	},
	{
		"no": 3,
		"email": "LenardvWinssen@hotmail.com",
		"date": "2019-12-13T17:24:25.9975094+01:00",
		"lines": [
			{
				"laptopno": 1,
				"quantity": 1
			},
			{
				"laptopno": 3,
				"quantity": 2
			}
		],
		"total": 0
	},
	{
		"no": 4,
		"email": "Lenardvw@hotmail.com",
		"date": "2019-12-13T17:27:31.7682922+01:00",
		"lines": [
			{
				"laptopno": 1,
				"quantity": 1
			},
			{
				"laptopno": 2,
				"quantity": 1
			}
		],
		"total": 0
	},
	{
		"no": 5,
		"email": "LenardvWinssen@hotmail.com",
		"date": "2019-12-13T17:50:56.2151481+01:00",
		"lines": [
			{
				"laptopno": 1,
				"quantity": 1
			},
			{
				"laptopno": 4,
				"quantity": 1
			}
		],
		"total": 2757
	},
	{
		"no": 6,
		"email": "LenardvWinssen@hotmail.com",
		"date": "2021-02-02T23:40:16.0379054+01:00",
		"lines": [
			{
				"laptopno": 2,
				"quantity": 3
			},
			{
				"laptopno": 2,
				"quantity": 4
			},
			{
				"laptopno": 3,
				"quantity": 1
			},
			{
				"laptopno": 7,
				"quantity": 1
			}
		],
		"total": 31591
	}
]